gene_symbol,inheritance,original_inheritance
ABCC8,AR,AD;AR
ACAD9,AR,AR
ACADM,AR,AR
ACADVL,AR,AR
ACE,AR,AR
ADA,AR,AR
AGRN,AR,AR
AGXT,AR,AR
AK2,AR,AR
ALDH7A1,AR,AR
ALDOB,AR,AR
ALG2,AR,AR
ALPL,AR,AR
AMT,AR,AR
AP1S1,AR,AR
AQP2,AR,AD;AR
ARSB,AR,AR
ASL,AR,AR
ASS1,AR,AR
ATP7A,XL,XL
AVPR2,XL,XL
BCKDHA,AR,AR
BCKDHB,AR,AR
BLNK,AR,AR
BTK,XL,XL
CA5A,AR,AR
CACNA1C,AD,AD
CACNA1D,AD,AD
CAD,AR,AR
CASR,AR,AD;AR
CD247,AR,AR
CD3D,AR,AR
CD3E,AR,AR
CD40,AR,AR
CD40LG,XL,XL
CD79A,AR,AR
CFTR,AR,AR
CHAT,AR,AR
CHRNA1,AD,AD
CHRNB1,AD,AD
CHRND,AR,AR
CHRNE,AR,AR
CIITA,AR,AR
CLCN2,AD,AD
COL13A1,AR,AR
COL1A1,AD,AD
COL1A2,AD,AD
COLQ,AR,AR
COQ2,AR,AR
COQ4,AR,AR
COQ5,AR,AR
COQ6,AR,AR
COQ7,AR,AR
COQ8A,AR,AR
COQ9,AR,AR
CORO1A,AR,AR
CPS1,AR,AR
CPT2,AR,AD;AR
CTNS,AR,AR
CYBA,AR,AR
CYBB,XL,XL
CYBC1,AR,AR
CYP11A1,AR,AR
CYP11B1,AD,AD
CYP11B2,AR,AR
CYP21A2,AR,AR
DBT,AR,AR
DCLRE1C,AR,AR
DDC,AR,AR
DHCR7,AR,AR
DLAT,AR,AR
DLD,AR,AR
DOCK8,AR,AR
DOK7,AR,AR
DPAGT1,AR,AR
ECHS1,AR,AR
EDA,XL,XL
EIF2AK3,AR,AR
ETFA,AR,AR
ETFB,AR,AR
ETFDH,AR,AR
F10,AR,AR
F11,AR,AD;AR
F12,AR,AR
F13A1,AR,AR
F13B,AR,AR
F2,AR,AR
F5,AR,AR
F7,AR,AR
F8,XL,XL
F9,XL,XL
FAH,AR,AR
FAM111A,AD,AD
FAS,AD,AD
FASLG,AR,AR
FBP1,AR,AR
FECH,AR,AR
FGA,AR,AR
FGB,AR,AR
FGG,AR,AR
FLAD1,AR,AR
FNIP1,AR,AR
FOLR1,AR,AR
FOXN1,AR,AR
FOXP3,XL,XL
GAA,AR,AR
GALNS,AR,AR
GALT,AR,AR
GATA4,AD,AD
GATA6,AD,AD
GBA1,AR,AR
GCK,AR,AD;AR
GFPT1,AR,AR
GLDC,AR,AR
GLIS3,AR,AR
GLUD1,AD,AD
GMPPB,AR,AR
GOT2,AR,AR
GPIHBP1,AR,AR
GUCY2C,AD,AD
GUSB,AR,AR
HADHA,AR,AR
HADHB,AR,AR
HBA1,AR,AR
HBA2,AR,AR
HESX1,AR,AD;AR
HIBCH,AR,AR
HLCS,AR,AR
HMGCL,AR,AR
HNF1A,AD,AD
HNF4A,AD,AD
HSD3B2,AR,AR
IDS,XL,XL
IDUA,AR,AR
IER3IP1,AR,AR
IGHM,AR,AR
IGSF1,XL,XL
IKBKG,XL,XL
IKZF1,AD,AD
IL10RA,AR,AR
IL10RB,AR,AR
IL1RN,AR,AR
IL2RG,XL,XL
IL7R,AR,AR
INS,AR,AD;AR
IRAK4,AR,AR
ITGB2,AR,AR
IVD,AR,AR
JAK3,AR,AR
KCNH2,AD,AD
KCNJ11,AR,AD;AR
KCNJ5,AD,AD
KCNQ1,AD,AD
KCNQ2,AD,AD
KCNQ3,AD,AD
LAT,AR,AR
LCK,AR,AR
LCP2,AR,AR
LHX3,AR,AR
LHX4,AD,AD
LIG4,AR,AR
LIPA,AR,AR
LRBA,AR,AR
LYST,AR,AR
MAGED2,XL,XL
MCEE,AR,AR
MECOM,AD,AD
MMAA,AR,AR
MMAB,AR,AR
MMACHC,AR,AR
MMADHC,AR,AR
MMUT,AR,AR
MNX1,AR,AR
MOCS1,AR,AR
MPI,AR,AR
MPL,AR,AR
MRAP,AR,AR
MSN,XL,XL
MUSK,AR,AR
MYD88,AR,AR
MYO5B,AR,AR
NAGS,AR,AR
NANS,AR,AR
NCF1,AR,AR
NCF2,AR,AR
NCF4,AR,AR
NEUROG3,AR,AR
NHEJ1,AR,AR
NKX2-2,AR,AR
NLRC4,AD,AD
NLRP3,AD,AD
NR0B1,XL,XL
NR3C2,AD,AD
NR5A1,AR,AR
OAT,AR,AR
OTC,XL,XL
OTX2,AD,AD
OXCT1,AR,AR
PAX1,AR,AR
PAX6,AD,AD
PCCA,AR,AR
PCCB,AR,AR
PCSK1,AR,AR
PDHA1,XL,XL
PDHB,AR,AR
PDHX,AR,AR
PDP1,AR,AR
PDSS1,AR,AR
PDSS2,AR,AR
PDX1,AD,AD
PGM1,AR,AR
PGM3,AR,AR
PHGDH,AR,AR
PLEC1,AR,AR
PLPBP,AR,AR
PNPO,AR,AR
POMC,AR,AR
POU1F1,AR,AD;AR
PREPL,AR,AR
PRF1,AR,AR
PRKDC,AR,AR
PROP1,AR,AR
PRRT2,AD,AD
PTF1A,AR,AR
PTPRC,AR,AR
RAB27A,AR,AR
RAC2,AD,AD
RAG1,AR,AR
RAG2,AR,AR
RAPSN,AR,AR
RBM8A,AR,AR
RFX5,AR,AR
RFX6,AR,AR
RFXANK,AR,AR
RFXAP,AR,AR
RMRP,AR,AR
RPL5,AD,AD
RPS10,AD,AD
RPS19,AD,AD
RPS24,AD,AD
SCN2A,AD,AD
SCN4A,AR,AR
SCN5A,AD,AD
SCN8A,AD,AD
SCNN1A,AR,AR
SCNN1B,AR,AR
SCNN1G,AR,AR
SFTPC,AD,AD
SH2D1A,XL,XL
SI,AR,AR
SLC13A5,AR,AR
SLC16A2,XL,XL
SLC18A3,AR,AR
SLC19A3,AR,AR
SLC25A1,AR,AR
SLC25A15,AR,AR
SLC25A20,AR,AR
SLC26A3,AR,AR
SLC2A1,AR,AD;AR
SLC2A2,AR,AR
SLC35A2,XL,XL
SLC5A1,AR,AR
SLC5A7,AR,AR
SLC9A3,AR,AR
SNAP25,AD,AD
SOX3,XL,XL
STAR,AR,AR
STAT3,AD,AD
STX11,AR,AR
STXBP1,AR,AD;AR
STXBP2,AR,AR
SYT2,AD,AD
TAFAZZIN,XL,XL
TBX19,AR,AR
TCF3,AR,AD;AR
THPO,AR,AR
TPO,AR,AR
TRHR,AR,AR
TRMU,AR,AR
TRPM6,AR,AR
TSC1,AD,AD
TSC2,AD,AD
TSHB,AR,AR
TSHR,AD,AD
TTC7A,AR,AR
UNC13D,AR,AR
UROS,AR,AR
USP18,AR,AR
VAMP1,AR,AR
WAS,XL,XL
XIAP,XL,XL
ZAP70,AR,AR
ZFP57,AR,AD;AR
